{"cameraMode":{"drawMode":0,"name":"Shaded","section":"Shading Mode"},"sceneLighting":false,"audioPlay":false,"sceneViewState":{"showFog":true,"showMaterialUpdate":false,"showSkybox":true,"showFlares":true,"showImageEffects":true,"showParticleSystems":true},"in2DMode":false,"pivot":{"x":-0.18000000715255738,"y":0.039999961853027347,"z":2.819999933242798},"rotation":{"x":-0.13546089828014375,"y":0.8017985820770264,"z":-0.5471411943435669,"w":-0.19850941002368928},"size":22.0,"orthographic":false}