{"cameraMode":{"drawMode":0,"name":"Shaded","section":"Shading Mode"},"sceneLighting":false,"audioPlay":false,"sceneViewState":{"showFog":true,"showMaterialUpdate":false,"showSkybox":true,"showFlares":true,"showImageEffects":true,"showParticleSystems":true},"in2DMode":false,"pivot":{"x":-2.700000047683716,"y":-2.180000066757202,"z":-4.900000095367432},"rotation":{"x":-0.11478156596422196,"y":0.8792957663536072,"z":-0.2679663896560669,"w":-0.37664076685905459},"size":7.144710063934326,"orthographic":false}